udi,product_id,machine_type,air_temperature_k,process_temperature_k,rotational_speed_rpm,torque_nm,tool_wear_min,machine_failure,twf,hdf,pwf,osf,rnf
1,M14860,M,298.1,308.6,1551,42.8,0,0,0,0,0,0,0
2,L47181,L,298.2,308.7,1408,46.3,3,0,0,0,0,0,0
3,L47182,L,298.1,308.5,1498,49.4,5,0,0,0,0,0,0
4,L47183,L,298.2,308.6,1433,39.5,7,0,0,0,0,0,0
5,L47184,L,298.2,308.7,1408,40.0,9,0,0,0,0,0,0
6,M14865,M,298.1,308.6,1425,41.9,11,0,0,0,0,0,0
7,L47186,L,298.1,308.6,1558,42.4,14,0,0,0,0,0,0
8,L47187,L,298.1,308.6,1527,40.2,16,0,0,0,0,0,0
9,M14868,M,298.3,308.7,1667,28.6,18,0,0,0,0,0,0
10,M14869,M,298.5,309,1741,28.0,21,0,0,0,0,0,0
11,H29424,H,298.4,308.9,1782,23.9,24,0,0,0,0,0,0
12,H29425,H,298.6,309.1,1423,44.3,29,0,0,0,0,0,0
13,M14872,M,298.6,309.1,1339,51.1,34,0,0,0,0,0,0
14,M14873,M,298.6,309.2,1742,30.0,37,0,0,0,0,0,0
15,L47194,L,298.6,309.2,2035,19.6,40,0,0,0,0,0,0
16,L47195,L,298.6,309.2,1542,48.4,42,0,0,0,0,0,0
17,M14876,M,298.6,309.2,1311,46.6,44,0,0,0,0,0,0
18,M14877,M,298.7,309.2,1410,45.6,47,0,0,0,0,0,0
19,H29432,H,298.8,309.2,1306,54.5,50,0,0,0,0,0,0
20,M14879,M,298.9,309.3,1632,32.5,55,0,0,0,0,0,0
21,H29434,H,298.9,309.3,1375,42.7,58,0,0,0,0,0,0
22,L47201,L,298.8,309.3,1450,44.8,63,0,0,0,0,0,0
23,M14882,M,298.9,309.3,1581,30.7,65,0,0,0,0,0,0
24,L47203,L,299.0,309.4,1758,25.7,68,0,0,0,0,0,0
25,M14884,M,299.0,309.4,1561,37.3,70,0,0,0,0,0,0
26,L47205,L,299.0,309.5,1861,23.3,73,0,0,0,0,0,0
27,L47206,L,299.1,309.5,1512,39.0,75,0,0,0,0,0,0
28,H29441,H,299.1,309.4,1811,24.6,77,0,0,0,0,0,0
29,L47208,L,299.1,309.4,1439,44.2,82,0,0,0,0,0,0
30,L47209,L,299.0,309.4,1693,30.1,84,0,0,0,0,0,0
31,M14890,M,299.1,309.5,1339,48.2,86,0,0,0,0,0,0
32,L47211,L,299.0,309.4,1798,25.5,89,0,0,0,0,0,0
33,L47212,L,299.0,309.4,1419,48.3,91,0,0,0,0,0,0
34,L47213,L,298.9,309.3,1665,32.5,93,0,0,0,0,0,0
35,M14894,M,298.8,309.1,1559,34.7,95,0,0,0,0,0,0
36,M14895,M,298.8,309.2,1452,48.6,98,0,0,0,0,0,0
37,M14896,M,298.9,309.2,1581,36.7,101,0,0,0,0,0,0
38,L47217,L,298.8,309.1,1439,39.2,104,0,0,0,0,0,0
39,H29452,H,298.9,309.2,1379,50.7,106,0,0,0,0,0,0
40,L47219,L,298.8,309.1,1350,52.5,111,0,0,0,0,0,0
41,L47220,L,298.8,309.1,1362,45.4,113,0,0,0,0,0,0
42,L47221,L,298.8,309.1,1368,50.8,115,0,0,0,0,0,0
43,M14902,M,298.8,309.1,1368,49.1,117,0,0,0,0,0,0
44,H29457,H,298.8,309.2,1372,48.5,120,0,0,0,0,0,0
45,M14904,M,298.8,309.1,1472,47.5,125,0,0,0,0,0,0
46,L47225,L,298.8,309.1,1489,49.1,128,0,0,0,0,0,0
47,M14906,M,298.7,309,1843,25.8,130,0,0,0,0,0,0
48,L47227,L,298.8,309.1,1418,46.3,133,0,0,0,0,0,0
49,H29462,H,298.8,309.2,1425,53.9,135,0,0,0,0,0,0
50,M14909,M,298.9,309.2,1412,44.1,140,0,0,0,0,0,0
51,L47230,L,298.9,309.1,2861,4.6,143,1,0,0,1,0,0
52,L47231,L,298.9,309.1,1383,54.9,145,0,0,0,0,0,0
53,H29466,H,298.8,309,1497,43.8,147,0,0,0,0,0,0
54,L47233,L,298.7,309,1565,35.1,152,0,0,0,0,0,0
55,L47234,L,298.7,309,1691,30.1,154,0,0,0,0,0,0
56,L47235,L,298.8,309.1,1512,40.7,156,0,0,0,0,0,0
57,L47236,L,298.8,309.1,1477,42.4,158,0,0,0,0,0,0
58,L47237,L,298.8,309.1,1513,40.3,160,0,0,0,0,0,0
59,M14918,M,298.8,309,1661,29.5,162,0,0,0,0,0,0
60,L47239,L,298.8,309.1,1378,54.4,165,0,0,0,0,0,0
61,L47240,L,298.8,309.1,1393,52.6,167,0,0,0,0,0,0
62,M14921,M,298.8,309,1592,38.2,169,0,0,0,0,0,0
63,L47242,L,298.8,309,1829,22.9,172,0,0,0,0,0,0
64,M14923,M,298.9,309,1812,25.9,174,0,0,0,0,0,0
65,L47244,L,299.0,309.1,1523,38.6,177,0,0,0,0,0,0
66,L47245,L,299.0,309.1,1394,45.1,179,0,0,0,0,0,0
67,M14926,M,298.9,308.9,1679,28.7,181,0,0,0,0,0,0
68,H29481,H,298.8,308.9,1466,44.1,184,0,0,0,0,0,0
69,L47248,L,298.8,308.9,1527,32.4,189,0,0,0,0,0,0
70,L47249,L,298.9,309,1410,65.7,191,1,0,0,1,1,0
71,M14930,M,298.9,309,1924,22.6,193,0,0,0,0,0,0
72,L47251,L,298.9,309.1,1452,45.5,196,0,0,0,0,0,0
78,L47257,L,298.8,308.9,1455,41.3,208,1,1,0,0,0,0
161,L47340,L,298.4,308.2,1282,60.7,216,1,0,0,0,1,0
162,L47341,L,298.3,308.1,1412,52.3,218,1,0,0,0,1,0
169,L47348,L,298.4,308.3,1433,62.3,20,1,0,0,1,0,0
195,M15054,M,298.2,308.5,2678,10.7,86,1,0,0,1,0,0
208,M15067,M,298.4,308.7,1421,60.7,119,1,0,0,1,0,0
243,L47422,L,298.0,308.2,1348,58.8,202,1,0,0,0,1,0
249,L47428,L,298.0,308.3,1362,56.8,216,1,0,0,0,1,0
250,L47429,L,298.0,308.3,1405,56.2,218,1,0,0,0,1,0
260,M15119,M,298.1,308.2,1420,63.9,19,1,0,0,1,0,0
328,L47507,L,297.7,308.5,1373,56.7,203,1,0,0,0,1,0
381,L47560,L,297.5,308.3,2564,12.8,127,1,0,0,1,0,0
443,L47622,L,297.4,308.5,1399,61.5,61,1,0,0,1,0,0
464,L47643,L,297.4,308.7,2874,4.2,118,1,0,0,1,0,0
587,L47766,L,297.6,309.6,1501,49.8,222,1,0,0,0,1,0
604,L47783,L,297.9,309.8,1336,71.6,31,1,0,0,1,0,0
1088,H30501,H,296.9,307.8,1549,35.8,206,1,1,0,0,0,0
1510,L48689,L,298.0,308.5,1429,37.7,220,1,1,0,0,0,0
1683,H31096,H,297.9,307.4,1604,36.1,225,1,1,0,0,0,0
1764,L48943,L,298.2,307.6,1511,31.0,209,1,1,0,0,0,0
1997,M16856,M,298.4,308,1416,38.2,198,1,1,0,0,0,0
3237,M18096,M,300.8,309.4,1342,62.4,113,1,0,1,0,0,0
3612,L50791,L,301.7,310.9,1405,46.4,207,1,1,0,0,0,1
3761,L50940,L,302.3,310.9,1377,46.8,166,1,0,1,0,0,0
3788,L50967,L,302.3,310.8,1377,47.3,22,1,0,1,0,0,0
3794,L50973,L,302.3,310.9,1379,49.3,34,1,0,1,0,0,0
3807,M18666,M,302.3,310.9,1360,44.0,67,1,0,1,0,0,0
3815,M18674,M,302.1,310.6,1326,59.1,88,1,0,1,0,0,0
